step	accuracy
0	0.6028226017951965
1	0.6743951439857483
2	0.6748992204666138
3	0.7217742204666138
4	0.7106854915618896
5	0.7363911271095276
6	0.7056451439857483
7	0.7263104915618896
8	0.7489919066429138
9	0.7283266186714172
