step	accuracy
0	0.5756048560142517
1	0.6436492204666138
2	0.6678427457809448
3	0.7041330933570862
4	0.7121976017951965
5	0.694556474685669
6	0.703125
