step	accuracy
0	0.5302419066429138
1	0.5463709831237793
2	0.65625
3	0.6547378897666931
4	0.6658266186714172
5	0.7001007795333862
6	0.7011088728904724
