step	accuracy
0	0.5977822542190552
1	0.6537298560142517
2	0.6481854915618896
3	0.6829637289047241
4	0.6451612710952759
5	0.664818525314331
6	0.7328628897666931
7	0.7182459831237793
8	0.7449596524238586
9	0.678931474685669
