step	accuracy
0	0.4973958432674408
1	0.5406249761581421
2	0.6411458253860474
3	0.6260416507720947
4	0.6677083373069763
