step	loss
0	0.7552756071090698
1	0.8431885838508606
2	0.6308401823043823
3	0.6977936625480652
4	0.6419934630393982
