step	loss
0	0.6737319827079773
1	0.7084980607032776
2	0.6246961355209351
3	0.6327381730079651
4	0.6148620247840881
5	0.5940408110618591
6	0.5774135589599609
