step	loss
0	0.6524376273155212
1	0.625928521156311
2	0.6155800223350525
3	0.5915217995643616
4	0.6066444516181946
5	0.6075096726417542
6	0.5353593230247498
7	0.5463083386421204
8	0.5358092784881592
9	0.577947735786438
