step	loss
0	0.6607393622398376
1	0.6135823130607605
2	0.6092455983161926
3	0.5609106421470642
4	0.5579271912574768
5	0.5201104879379272
6	0.5599822402000427
7	0.5371686816215515
8	0.5037934184074402
9	0.5237831473350525
