step	loss
0	0.6688274145126343
1	0.6321523189544678
2	0.608587384223938
3	0.5775865316390991
4	0.5712420344352722
5	0.5648996829986572
6	0.5624461770057678
