step	accuracy
0	0.5462499856948853
1	0.5826249718666077
2	0.6029999852180481
3	0.6106250286102295
4	0.6277499794960022
5	0.643625020980835
6	0.6523749828338623
