step	accuracy
0	0.5467479825019836
1	0.6050558686256409
2	0.6288110017776489
3	0.6498983502388
4	0.6464685201644897
