step	accuracy
0	0.5723749995231628
1	0.621999979019165
2	0.6368749737739563
3	0.6551250219345093
4	0.6765000224113464
5	0.6726250052452087
6	0.6853749752044678
7	0.7013750076293945
8	0.7072499990463257
9	0.7107499837875366
