step	accuracy
0	0.5572500228881836
1	0.6191250085830688
2	0.6380000114440918
3	0.6571249961853027
4	0.6642500162124634
5	0.6660000085830688
6	0.6773750185966492
