step	loss
0	0.6943645477294922
1	0.6549549698829651
2	0.6418229937553406
3	0.6175537109375
4	0.6170868873596191
