step	loss
0	0.6892213821411133
1	0.6422817707061768
2	0.6224722266197205
3	0.5990120768547058
4	0.5940294861793518
5	0.5829091668128967
6	0.5663394927978516
7	0.5677542686462402
8	0.546284019947052
9	0.5528520941734314
