step	loss
0	0.6887322068214417
1	0.6505835652351379
2	0.6326028108596802
3	0.6178919672966003
4	0.6089054942131042
5	0.6092396974563599
6	0.5957838296890259
