step	loss
0	0.7026565670967102
1	0.6680167317390442
2	0.6591987013816833
3	0.6531210541725159
4	0.6384197473526001
5	0.6259921193122864
6	0.6175246238708496
