step	loss
0	0.6965022683143616
1	0.6480260491371155
2	0.6361253261566162
3	0.6214196085929871
4	0.6047130823135376
5	0.6015040278434753
6	0.5851901769638062
7	0.5707404017448425
8	0.5672630667686462
9	0.5537626147270203
